feature1,feature2,cluster,distance_to_centroid
2.3,3.4,0,0.6149186938124424
1.2,5.6,0,2.974579802257791
3.4,1.2,0,2.0020302195521427
4.5,2.3,0,1.8447560814373265
6.7,7.8,1,0.7778174593052021
7.8,6.7,1,0.7778174593052021
