Original,Z-score Normalized
1,-1.5666989036012806
2,-1.2185435916898848
3,-0.8703882797784892
4,-0.5222329678670935
5,-0.17407765595569785
6,0.17407765595569785
7,0.5222329678670935
8,0.8703882797784892
9,1.2185435916898848
10,1.5666989036012806
