Original,Min-Max Normalized
1,0.0
2,0.3333333333333333
3,0.6666666666666666
4,1.0
5,1.3333333333333333
6,1.6666666666666667
7,2.0
8,2.3333333333333335
9,2.6666666666666665
10,3.0
