Original,Min-Max Normalized,Z-score Normalized
1,0.0,-1.5666989036012806
2,0.3333333333333333,-1.2185435916898848
3,0.6666666666666666,-0.8703882797784892
4,1.0,-0.5222329678670935
5,1.3333333333333333,-0.17407765595569785
6,1.6666666666666667,0.17407765595569785
7,2.0,0.5222329678670935
8,2.3333333333333335,0.8703882797784892
9,2.6666666666666665,1.2185435916898848
10,3.0,1.5666989036012806
