antecedents,consequents,antecedent support,consequent support,support,confidence
{'Banana'},{'Apple'},0.7142857142857143,0.5714285714285714,0.42857142857142855,0.6
{'Apple'},{'Banana'},0.5714285714285714,0.7142857142857143,0.42857142857142855,0.75
{'Cherry'},{'Apple'},0.5714285714285714,0.5714285714285714,0.42857142857142855,0.75
{'Apple'},{'Cherry'},0.5714285714285714,0.5714285714285714,0.42857142857142855,0.75
